"title","artist","playlist"
"10000 Emerald Pools","BORNS","current A-Z best of library"
"100 Days 100 Nights","Sharon Jones and The Dap-Kings","current A-Z best of library"
"1234","Feist","current A-Z best of library"
"16 Military Wives","The Decemberists","current A-Z best of library"
"1901","Phoenix","current A-Z best of library"
"1979","The Smashing Pumpkins","current A-Z best of library"
"1999","Prince","current A-Z best of library"
"1X1X1","Cloud Cult","current A-Z best of library"
"21st Century (Digital Boy)","Bad Religion","current A-Z best of library"
"24 Frames","Jason Isbell","current A-Z best of library"
"2AM","Bear Hands","current A-Z best of library"
"32 Flavors","Ani DiFranco","current A-Z best of library"
"40 Day Dream","Edward Sharpe and The Magnetic Zeros","current A-Z best of library"
"4th Of July","X","current A-Z best of library"
"6 Underground (Nellee Hooper Remix)","Sneaker Pimps","current A-Z best of library"
"7 and 7 Is","Love","current A-Z best of library"
"777-9311","The Time","current A-Z best of library"
"A Boy Named Sue","Johnny Cash","current A-Z best of library"
"A Change is Going to Come","Sam Cooke","current A-Z best of library"
"A Day In The Life","The Beatles","current A-Z best of library"
"A Girl Like You","Edwyn Collins","current A-Z best of library"
"A Love Supreme: Part 1 - Acknowledgement","John Coltrane","current A-Z best of library"
"A Message to You Rudy","The Specials","current A-Z best of library"
"A Million Miles Away","The Plimsouls","current A-Z best of library"
"A New England","Billy Bragg","current A-Z best of library"
"A Spoonful Weighs A Ton","The Flaming Lips","current A-Z best of library"
"ABC","Jackson 5","current A-Z best of library"
"About A Girl","Nirvana","current A-Z best of library"
"Across 110th Street","Bobby Womack","current A-Z best of library"
"Act Naturally","Buck Owens","current A-Z best of library"
"Adventure Of A Lifetime","Coldplay","current A-Z best of library"
"After The Gold Rush","Neil Young","current A-Z best of library"
"After You","Chastity Brown","current A-Z best of library"
"Afterlife","Arcade Fire","current A-Z best of library"
"Ageless Beauty","Stars","current A-Z best of library"
"Ain't It a Sin","Charles Bradley","current A-Z best of library"
"Ain't Messin 'Round","Gary Clark Jr.","current A-Z best of library"
"Ain't No Man","The Avett Brothers","current A-Z best of library"
"Ain't No Rest for the Wicked","Cage The Elephant","current A-Z best of library"
"Ain't No Sunshine","Bill Withers","current A-Z best of library"
"Ain't That a Shame","Fats Domino","current A-Z best of library"
"Alex Chilton","The Replacements","current A-Z best of library"
"Alexandra","Hamilton Leithauser","current A-Z best of library"
"Alison","Elvis Costello","current A-Z best of library"
"Alive","Pearl Jam","current A-Z best of library"
"All Along The Watchtower","Bob Dylan","current A-Z best of library"
"All For One","The Stone Roses","current A-Z best of library"
"All I Have To Do Is Dream","The Everly Brothers","current A-Z best of library"
"All I Need","Radiohead","current A-Z best of library"
"All The Things That Go To Make Heaven And Earth","The New Pornographers","current A-Z best of library"
"All The Young Dudes","Mott The Hoople","current A-Z best of library"
"All We Ever Knew","The Head and the Heart","current A-Z best of library"
"All We Got feat. Kanye West","Chance The Rapper","current A-Z best of library"
"All Your Favorite Bands","Dawes","current A-Z best of library"
"Alone","Trampled by Turtles","current A-Z best of library"
"Alone Again Or","Love","current A-Z best of library"
"Alone In My Home","Jack White","current A-Z best of library"
"Always Coming Back Home To You","Atmosphere","current A-Z best of library"
"Always Love","Nada Surf","current A-Z best of library"
"America","Prince","current A-Z best of library"
"America","Simon and Garfunkel","current A-Z best of library"
"American Money","BORNS","current A-Z best of library"
"Anarchy in the UK","Sex Pistols","current A-Z best of library"
"Androgynous","The Replacements","current A-Z best of library"
"Angels","Chance the Rapper","current A-Z best of library"
"Another Girl Another Planet","The Only Ones","current A-Z best of library"
"Another Is Waiting","The Avett Brothers","current A-Z best of library"
"Anything Anything I'll Give You","Dramarama","current A-Z best of library"
"Are You Behind the Shining Star","Trampled by Turtles","current A-Z best of library"
"Are You Experienced","Jimi Hendrix","current A-Z best of library"
"Are You Gonna Be My Girl","Jet","current A-Z best of library"
"Army of Me","Bjork","current A-Z best of library"
"At Last","Etta James","current A-Z best of library"
"Atomic Dog","George Clinton","current A-Z best of library"
"Avalon","Roxy Music","current A-Z best of library"
"Avant Gardener","Courtney Barnett","current A-Z best of library"
"Baby Blue","Badfinger","current A-Z best of library"
"Baby Britain","Elliott Smith","current A-Z best of library"
"(Baby) Hold On","The James Hunter Six","current A-Z best of library"
"Baby's Got Sauce","G. Love and Special Sauce","current A-Z best of library"
"Back Door Man","Howlin' Wolf","current A-Z best of library"
"Back in The U.S.A.","Chuck Berry","current A-Z best of library"
"Back In Your Head","Tegan and Sara","current A-Z best of library"
"Backlines","Stars","current A-Z best of library"
"Backwater","Meat Puppets","current A-Z best of library"
"Bad Reputation","Joan Jett and The Blackhearts","current A-Z best of library"
"Ball and Chain","Social Distortion","current A-Z best of library"
"Ball Of Confusion","The Temptations","current A-Z best of library"
"Ballroom Blitz","Sweet","current A-Z best of library"
"Bandages","Hot Hot Heat","current A-Z best of library"
"Band on the Run","Paul McCartney","current A-Z best of library"
"Bandstand Boogie","Barry Manilow","current A-Z best of library"
"Bang A Gong Get It On","T. Rex","current A-Z best of library"
"Basic Space","The XX","current A-Z best of library"
"Basket Case","Green Day","current A-Z best of library"
"Battle Flag","Lo Fidelity Allstars","current A-Z best of library"
"Be Here Now","Mason Jennings","current A-Z best of library"
"Be Mine","Alabama Shakes","current A-Z best of library"
"Be My Baby","The Ronettes","current A-Z best of library"
"Beautiful Day","U2","current A-Z best of library"
"Because The Night","Patti Smith","current A-Z best of library"
"Beds are Burning","Midnight Oil","current A-Z best of library"
"Been Caught Stealing","Jane's Addiction","current A-Z best of library"
"Beginning to See the Light","The Velvet Underground","current A-Z best of library"
"Believe","Mumford and Sons","current A-Z best of library"
"Best Kept Secret","case/lang/veirs","current A-Z best of library"
"Better Things","Sharon Jones and The Dap-Kings","current A-Z best of library"
"Big in Japan","Tom Waits","current A-Z best of library"
"Big Me","Foo Fighters","current A-Z best of library"
"Big Time Sensuality","Bjork","current A-Z best of library"
"Big Yellow Taxi","Joni Mitchell","current A-Z best of library"
"Bigmouth Strikes Again","The Smiths","current A-Z best of library"
"Billie Jean","Michael Jackson","current A-Z best of library"
"Bird on the Wire","Leonard Cohen","current A-Z best of library"
"Birth In Reverse","St. Vincent","current A-Z best of library"
"Bitter Sweet Symphony","The Verve","current A-Z best of library"
"Bizarre Love Triangle","New Order","current A-Z best of library"
"Black and White Town","Doves","current A-Z best of library"
"Black Gold","Soul Asylum","current A-Z best of library"
"Black Mambo","Glass Animals","current A-Z best of library"
"Black Mirror","Arcade Fire","current A-Z best of library"
"Black Out Days","Phantogram","current A-Z best of library"
"Black Sun","Death Cab For Cutie","current A-Z best of library"
"Black Sweat","Prince","current A-Z best of library"
"Blank Generation","Richard Hell and The Voidoids","current A-Z best of library"
"Blessings feat. Ty Dolla Sign","Chance The Rapper","current A-Z best of library"
"Blister In The Sun","Violent Femmes","current A-Z best of library"
"Blitzkrieg Bop","Ramones","current A-Z best of library"
"Block Rockin' Beats","The Chemical Brothers","current A-Z best of library"
"Bloodbuzz Ohio","The National","current A-Z best of library"
"Blue","The Jayhawks","current A-Z best of library"
"Blue Eyes Crying In The Rain","Willie Nelson","current A-Z best of library"
"Blue In Green","Miles Davis","current A-Z best of library"
"Blue Monday","New Order","current A-Z best of library"
"Blue Moon","Beck","current A-Z best of library"
"Blue Orchid","The White Stripes","current A-Z best of library"
"Blue Suede Shoes","Carl Perkins","current A-Z best of library"
"Bo Diddley","Bo Diddley","current A-Z best of library"
"Bodyrock","Moby","current A-Z best of library"
"Bohemian Like You","The Dandy Warhols","current A-Z best of library"
"Born Again Teen","Lucius","current A-Z best of library"
"Born To Run","Bruce Springsteen","current A-Z best of library"
"Born Under Punches (The Heat Goes On)","Talking Heads","current A-Z best of library"
"Boy From School","Hot Chip","current A-Z best of library"
"Boy With A Coin","Iron and Wine","current A-Z best of library"
"Boyfriend","Best Coast","current A-Z best of library"
"Boys Don't Cry","The Cure","current A-Z best of library"
"Brace For Impact (Live A Little)","Sturgill Simpson","current A-Z best of library"
"Brass In Pocket","The Pretenders","current A-Z best of library"
"Brass Monkey","Beastie Boys","current A-Z best of library"
"Breakin' Up","Rilo Kiley","current A-Z best of library"
"Breathless","Jerry Lee Lewis","current A-Z best of library"
"Brimful of Asha","Cornershop","current A-Z best of library"
"Bring On The Dancing Horses","Echo and the Bunnymen","current A-Z best of library"
"Bring the Noise","Public Enemy","current A-Z best of library"
"Brown Eyed Handsome Man","Nina Simone","current A-Z best of library"
"Buddy Holly","Weezer","current A-Z best of library"
"Buffalo Soldier","Bob Marley and The Wailers","current A-Z best of library"
"Bull in the Heather","Sonic Youth","current A-Z best of library"
"Bullet The Blue Sky","U2","current A-Z best of library"
"Bulls on Parade","Rage Against The Machine","current A-Z best of library"
"Burn It Down","The Suicide Commandos","current A-Z best of library"
"Burn The Witch","Radiohead","current A-Z best of library"
"Burning Down The House","Talking Heads","current A-Z best of library"
"Burning House Of Love","X","current A-Z best of library"
"Bury Our Friends","Sleater-Kinney","current A-Z best of library"
"California Kids","Weezer","current A-Z best of library"
"California Man","Cheap Trick","current A-Z best of library"
"California Stars","Billy Bragg and Wilco","current A-Z best of library"
"California Uber Alles","Dead Kennedys","current A-Z best of library"
"Californication","Red Hot Chili Peppers","current A-Z best of library"
"Call Me","St. Paul and the Broken Bones","current A-Z best of library"
"Cameras","Matt and Kim","current A-Z best of library"
"Can I Kick It","A Tribe Called Quest","current A-Z best of library"
"Can You Get to That","Funkadelic","current A-Z best of library"
"Cannonball","The Breeders","current A-Z best of library"
"Can't Hardly Wait","The Replacements","current A-Z best of library"
"Can't Hold Us feat. Ray Dalton","Macklemore and Ryan Lewis","current A-Z best of library"
"Can't Stand It","Wilco","current A-Z best of library"
"Can't Stand Losing You","The Police","current A-Z best of library"
"Cantaloupe Island","Herbie Hancock","current A-Z best of library"
"Capsized","Andrew Bird","current A-Z best of library"
"Car Wheels on a Gravel Road","Lucinda Williams","current A-Z best of library"
"Caring Is Creepy","The Shins","current A-Z best of library"
"Cars","Gary Numan","current A-Z best of library"
"Casino Queen","Wilco","current A-Z best of library"
"Casual Party","Band of Horses","current A-Z best of library"
"Cautionary Tale","Dylan LeBlanc","current A-Z best of library"
"Celebrated Summer","Husker Du","current A-Z best of library"
"Center Of The Universe","Built To Spill","current A-Z best of library"
"Chain My Name","Polica","current A-Z best of library"
"Chain Of Fools","Aretha Franklin","current A-Z best of library"
"Champagne Supernova","Oasis","current A-Z best of library"
"Changes","David Bowie","current A-Z best of library"
"Changes","Sugar","current A-Z best of library"
"Chateau Lobby #4 (in C for Two Virgins)","Father John Misty","current A-Z best of library"
"Check the Rhime","A Tribe Called Quest","current A-Z best of library"
"Chelsea Morning","Joni Mitchell","current A-Z best of library"
"Cherry Bomb","The Runaways","current A-Z best of library"
"Cherub Rock","The Smashing Pumpkins","current A-Z best of library"
"Chicago","Sufjan Stevens","current A-Z best of library"
"Children of the World","King Khan","current A-Z best of library"
"Cinnamon Girl","Neil Young","current A-Z best of library"
"Cleopatra","The Lumineers","current A-Z best of library"
"Clint Eastwood","Gorillaz","current A-Z best of library"
"Clocks","Coldplay","current A-Z best of library"
"Close To Me","The Cure","current A-Z best of library"
"Closing Time","Semisonic","current A-Z best of library"
"C'mon Everybody","Eddie Cochran","current A-Z best of library"
"Cocoon","Catfish and the Bottlemen","current A-Z best of library"
"Cold Beverage","G. Love and Special Sauce","current A-Z best of library"
"Color Me Impressed","The Replacements","current A-Z best of library"
"Colorado","Chastity Brown","current A-Z best of library"
"Come A Little Closer","Cage The Elephant","current A-Z best of library"
"Come as You Are","Nirvana","current A-Z best of library"
"Come Fly With Me","Frank Sinatra","current A-Z best of library"
"Come On Feel The Noize","Slade","current A-Z best of library"
"Coming Home","Leon Bridges","current A-Z best of library"
"Common People","Pulp","current A-Z best of library"
"Communication Breakdown","Led Zeppelin","current A-Z best of library"
"Complication","The Monks","current A-Z best of library"
"Connection","Elastica","current A-Z best of library"
"Conquest","The White Stripes","current A-Z best of library"
"Constructive Summer","The Hold Steady","current A-Z best of library"
"Cool For Cats","Squeeze","current A-Z best of library"
"Cornflake Girl","Tori Amos","current A-Z best of library"
"Cortez The Killer","Neil Young","current A-Z best of library"
"Cosmic Dancer","T. Rex","current A-Z best of library"
"Cousins","Vampire Weekend","current A-Z best of library"
"Crazy","Patsy Cline","current A-Z best of library"
"Crazy Little Thing Called Love","Queen","current A-Z best of library"
"Creep","Radiohead","current A-Z best of library"
"Cruel","St. Vincent","current A-Z best of library"
"Cruel to be Kind","Nick Lowe","current A-Z best of library"
"Cut Your Hair","Pavement","current A-Z best of library"
"D.A.N.C.E.","Justice","current A-Z best of library"
"Daffodils feat. Kevin Parker","Mark Ronson","current A-Z best of library"
"Daft Punk Is Playing At My House","LCD Soundsystem","current A-Z best of library"
"Dance Yrself Clean","LCD Soundsystem","current A-Z best of library"
"Dancehall Domine","The New Pornographers","current A-Z best of library"
"Dancing Choose","TV On The Radio","current A-Z best of library"
"Dancing With Myself","Billy Idol","current A-Z best of library"
"Dangerous","Big Data","current A-Z best of library"
"Dare","Gorillaz","current A-Z best of library"
"Dark Necessities","Red Hot Chili Peppers","current A-Z best of library"
"Dashboard","Modest Mouse","current A-Z best of library"
"Daydream","The Lovin' Spoonful","current A-Z best of library"
"Days","The Kinks","current A-Z best of library"
"Dead And Gone","The Black Keys","current A-Z best of library"
"Dead Leaves and the Dirty Ground","The White Stripes","current A-Z best of library"
"Dear Catastrophe Waitress","Belle and Sebastian","current A-Z best of library"
"Dear God","XTC","current A-Z best of library"
"Debaser","Pixies","current A-Z best of library"
"Debbie Downer","Courtney Barnett","current A-Z best of library"
"Debonair","The Afghan Whigs","current A-Z best of library"
"Default","Django Django","current A-Z best of library"
"Delilah","Florence and the Machine","current A-Z best of library"
"Delirious","Prince","current A-Z best of library"
"Depreston","Courtney Barnett","current A-Z best of library"
"Desire","U2","current A-Z best of library"
"Devils Haircut","Beck","current A-Z best of library"
"Digital Witness","St. Vincent","current A-Z best of library"
"Dirty Deeds Done Dirt Cheap","AC/DC","current A-Z best of library"
"Disco Infiltrator","LCD Soundsystem","current A-Z best of library"
"DJ","David Bowie","current A-Z best of library"
"Do I Wanna Know?","Arctic Monkeys","current A-Z best of library"
"Do It Again","Camera Obscura","current A-Z best of library"
"Do It Again","The Beach Boys","current A-Z best of library"
"Do The Strand","Roxy Music","current A-Z best of library"
"Do You Realize","The Flaming Lips","current A-Z best of library"
"Do You Remember Rock 'n Roll Radio","Ramones","current A-Z best of library"
"Dog Days Are Over","Florence and the Machine","current A-Z best of library"
"Dominos","The Big Pink","current A-Z best of library"
"Don't Believe The Hype","Public Enemy","current A-Z best of library"
"Don't Come Home A' Drinkin' (With Lovin' on Your Mind)","Loretta Lynn","current A-Z best of library"
"Don't Haunt This Place","The Rural Alberta Advantage","current A-Z best of library"
"Don't Look Back","Peter Tosh","current A-Z best of library"
"Don't Look Back In Anger","Oasis","current A-Z best of library"
"Don't Save Me","HAIM","current A-Z best of library"
"Don't Sit Down 'Cause I've Moved Your Chair","Arctic Monkeys","current A-Z best of library"
"Don't Stop 'Til You Get Enough","Michael Jackson","current A-Z best of library"
"Don't Think Twice It's All Right","Bob Dylan","current A-Z best of library"
"Don't Wanna Fight","Alabama Shakes","current A-Z best of library"
"Don't Want To Know If You Are Lonely","Husker Du","current A-Z best of library"
"Down by the Water","PJ Harvey","current A-Z best of library"
"Down By The Water","The Decemberists","current A-Z best of library"
"Drain You","Nirvana","current A-Z best of library"
"Dreams","Beck","current A-Z best of library"
"Drown","Son Volt","current A-Z best of library"
"Drown","The Smashing Pumpkins","current A-Z best of library"
"Drumming Song","Florence and the Machine","current A-Z best of library"
"Dumb","Nirvana","current A-Z best of library"
"Eighties","Killing Joke","current A-Z best of library"
"Electric Feel","MGMT","current A-Z best of library"
"Electric Love","BORNS","current A-Z best of library"
"Elephant","Tame Impala","current A-Z best of library"
"Elvis is Everywhere","Mojo Nixon","current A-Z best of library"
"Emmylou","First Aid Kit","current A-Z best of library"
"Emotions And Math","Margaret Glaspy","current A-Z best of library"
"Empire","Of Monsters And Men","current A-Z best of library"
"Empty","Garbage","current A-Z best of library"
"Endless Bummer","Weezer","current A-Z best of library"
"Evenflow","Pearl Jam","current A-Z best of library"
"Eventually","Tame Impala","current A-Z best of library"
"Ever Fallen in Love (With Someone You Shouldn't've)","Buzzcocks","current A-Z best of library"
"Everlong","Foo Fighters","current A-Z best of library"
"Everybody Here Is A Cloud","Cloud Cult","current A-Z best of library"
"Everybody Hurts","R.E.M.","current A-Z best of library"
"Everybody Knows","Leonard Cohen","current A-Z best of library"
"Everyday I Write The Book","Elvis Costello","current A-Z best of library"
"Everyday Is Like Sunday","Morrissey","current A-Z best of library"
"Everything In Its Right Place","Radiohead","current A-Z best of library"
"Everything Is Everything","Lauryn Hill","current A-Z best of library"
"Evil","Interpol","current A-Z best of library"
"Evil Urges","My Morning Jacket","current A-Z best of library"
"Excuse Me While I Break My Own Heart Tonight","Whiskeytown","current A-Z best of library"
"Ex's and Oh's","Elle King","current A-Z best of library"
"Fade Into You","Mazzy Star","current A-Z best of library"
"Fake Plastic Trees","Radiohead","current A-Z best of library"
"Fall in Love","Phantogram","current A-Z best of library"
"Fame","David Bowie","current A-Z best of library"
"Family Affair","Sly and the Family Stone","current A-Z best of library"
"Fantastic Voyage","Lakeside","current A-Z best of library"
"Fast As You Can","Fiona Apple","current A-Z best of library"
"Feed The Tree","Belly","current A-Z best of library"
"Feel Good Inc","Gorillaz","current A-Z best of library"
"Feel The Pain","Dinosaur Jr.","current A-Z best of library"
"Feels Like We Only Go Backwards","Tame Impala","current A-Z best of library"
"Fell in Love with a Girl","The White Stripes","current A-Z best of library"
"Femme Fatale","The Velvet Underground","current A-Z best of library"
"Fever","Peggy Lee","current A-Z best of library"
"Fever","The Black Keys","current A-Z best of library"
"Fight Test","The Flaming Lips","current A-Z best of library"
"Fight the Power","Public Enemy","current A-Z best of library"
"Fighter Girl","Mason Jennings","current A-Z best of library"
"Figure It Out","Royal Blood","current A-Z best of library"
"Finer Things feat. Dem Atlas","Atmosphere","current A-Z best of library"
"Fire","Jimi Hendrix","current A-Z best of library"
"Fire Bug","JD McPherson","current A-Z best of library"
"Fire It Up","Modest Mouse","current A-Z best of library"
"Firestarter","The Prodigy","current A-Z best of library"
"Fitzpleasure","Alt-J","current A-Z best of library"
"Fix It","Ryan Adams and The Cardinals","current A-Z best of library"
"Float On","Modest Mouse","current A-Z best of library"
"Flume","Bon Iver","current A-Z best of library"
"Folsom Prison Blues","Johnny Cash","current A-Z best of library"
"For Emma","Bon Iver","current A-Z best of library"
"Frankie Sinatra","The Avalanches","current A-Z best of library"
"Free","Cat Power","current A-Z best of library"
"Free Again","Alex Chilton","current A-Z best of library"
"Free Life","Dan Wilson","current A-Z best of library"
"Freeway","Aimee Mann","current A-Z best of library"
"French Navy","Camera Obscura","current A-Z best of library"
"Fresh Blood","Eels","current A-Z best of library"
"Friends of P.","The Rentals","current A-Z best of library"
"Funkier Than a Mosquito's Tweeter","Nina Simone","current A-Z best of library"
"Funky Kingston","Toots and the Maytals","current A-Z best of library"
"Funkytown","Lipps  Inc","current A-Z best of library"
"Funny Little Frog","Belle and Sebastian","current A-Z best of library"
"Galvanize","The Chemical Brothers","current A-Z best of library"
"Gangsta","tUnE-yArDs","current A-Z best of library"
"Genius of Love","Tom Tom Club","current A-Z best of library"
"Get Lucky","Daft Punk","current A-Z best of library"
"Get Out","Frightened Rabbit","current A-Z best of library"
"Get Rhythm","Johnny Cash","current A-Z best of library"
"Get Up I Feel Like Being A Sex Machine Pt. 1","James Brown","current A-Z best of library"
"Get Up Stand Up","Bob Marley and The Wailers","current A-Z best of library"
"Ghost","Jeremy Messersmith","current A-Z best of library"
"Ghost Town","The Specials","current A-Z best of library"
"Giant Peach","Wolf Alice","current A-Z best of library"
"Gimme All Your Love","Alabama Shakes","current A-Z best of library"
"Gimme Shelter","The Rolling Stones","current A-Z best of library"
"Girl","Beck","current A-Z best of library"
"Girl From Conejo Valley","M. Ward","current A-Z best of library"
"Girl from the North Country","Bob Dylan","current A-Z best of library"
"Girl U Want","Devo","current A-Z best of library"
"Girls and Boys","Blur","current A-Z best of library"
"Give It Away","Red Hot Chili Peppers","current A-Z best of library"
"Give Peace a Chance","John Lennon","current A-Z best of library"
"Give Up the Funk (Tear the Roof Off the Sucker)","Parliament","current A-Z best of library"
"Givin Em What They Love feat. Prince","Janelle Monae","current A-Z best of library"
"Glad Girls","Guided By Voices","current A-Z best of library"
"Gloria","Patti Smith","current A-Z best of library"
"Gloria","U2","current A-Z best of library"
"Glory Box","Portishead","current A-Z best of library"
"Go!","M83","current A-Z best of library"
"God","Tori Amos","current A-Z best of library"
"God Only Knows","The Beach Boys","current A-Z best of library"
"God Save the Queen","Sex Pistols","current A-Z best of library"
"Going To A GO-GO","Smokey Robinson and the Miracles","current A-Z best of library"
"Gold","Chet Faker","current A-Z best of library"
"Gold Lion","Yeah Yeah Yeahs","current A-Z best of library"
"Gold On The Ceiling","The Black Keys","current A-Z best of library"
"Gold Soundz","Pavement","current A-Z best of library"
"Golden Years","David Bowie","current A-Z best of library"
"Gone Daddy Gone","Violent Femmes","current A-Z best of library"
"Gone Gone Gone (Done Moved On)","Robert Plant and Alison Krauss","current A-Z best of library"
"Good As Hell","Lizzo","current A-Z best of library"
"Good Girls","Elle King","current A-Z best of library"
"Good Times Roll","The Cars","current A-Z best of library"
"Good Vibrations","The Beach Boys","current A-Z best of library"
"Good Woman","Cat Power","current A-Z best of library"
"Goodnight Irene","Leadbelly","current A-Z best of library"
"Gotta Get Away","The Black Keys","current A-Z best of library"
"Graceless","The National","current A-Z best of library"
"Green Onions","Booker T. and the M.G.'s","current A-Z best of library"
"Greetings To The New Brunette","Billy Bragg","current A-Z best of library"
"Guarantees","Atmosphere","current A-Z best of library"
"Hallelujah","Jeff Buckley","current A-Z best of library"
"Hang Loose","Alabama Shakes","current A-Z best of library"
"Hang Me Up To Dry","Cold War Kids","current A-Z best of library"
"Happy","The Rolling Stones","current A-Z best of library"
"Happy Idiot","TV On The Radio","current A-Z best of library"
"Hard to Explain","The Strokes","current A-Z best of library"
"Hard To Handle","Otis Redding","current A-Z best of library"
"Harder Better Faster Stronger","Daft Punk","current A-Z best of library"
"Harlem Shuffle","Bob and Earl","current A-Z best of library"
"Harvest","Neil Young","current A-Z best of library"
"Harvest Moon","Neil Young","current A-Z best of library"
"Hate To Say I Told You So","The Hives","current A-Z best of library"
"Head Full of Doubt/Road Full of Promise","The Avett Brothers","current A-Z best of library"
"Head Like A Hole","Nine Inch Nails","current A-Z best of library"
"Head Over Heels","JD McPherson","current A-Z best of library"
"Heart Of Glass","Blondie","current A-Z best of library"
"Heart Shaped Box","Nirvana","current A-Z best of library"
"Heartbreak Hotel","Elvis Presley","current A-Z best of library"
"Heavy Bells","J. Roddy Walston and The Business","current A-Z best of library"
"Heavy Metal Drummer","Wilco","current A-Z best of library"
"Hello","Adele","current A-Z best of library"
"Helpless","Sugar","current A-Z best of library"
"Helplessness Blues","Fleet Foxes","current A-Z best of library"
"Helter Skelter","The Beatles","current A-Z best of library"
"Here Come The Warm Jets","Brian Eno","current A-Z best of library"
"Here Comes Your Man","Pixies","current A-Z best of library"
"Here It Goes Again","OK Go","current A-Z best of library"
"Here's Where the Story Ends","The Sundays","current A-Z best of library"
"Hero","Lissie","current A-Z best of library"
"Heroes","David Bowie","current A-Z best of library"
"He's My Thing","Babes in Toyland","current A-Z best of library"
"Hey Girl","Sonny Knight and The Lakers","current A-Z best of library"
"Hey Jude","The Beatles","current A-Z best of library"
"Hey Ladies","Beastie Boys","current A-Z best of library"
"Hey No Pressure","Ray LaMontagne","current A-Z best of library"
"Hickory Wind","The Byrds","current A-Z best of library"
"High And Dry","Radiohead","current A-Z best of library"
"Higher Ground","Stevie Wonder","current A-Z best of library"
"Highway 61 Revisited","Bob Dylan","current A-Z best of library"
"Hip Hop Is Dead feat. Will.i.am","Nas","current A-Z best of library"
"Hit The Road Jack","Ray Charles","current A-Z best of library"
"Hold On","Alabama Shakes","current A-Z best of library"
"Hold On Hold On","Neko Case","current A-Z best of library"
"Holdin' On To Black Metal","My Morning Jacket","current A-Z best of library"
"Holding On feat. Gregory Porter","Disclosure","current A-Z best of library"
"Holding On For Life","Broken Bells","current A-Z best of library"
"Holidays in the Sun","Sex Pistols","current A-Z best of library"
"Hollywood Forever Cemetery Sings","Father John Misty","current A-Z best of library"
"Holocene","Bon Iver","current A-Z best of library"
"Home","Edward Sharpe and The Magnetic Zeros","current A-Z best of library"
"Honky Tonk Women","The Rolling Stones","current A-Z best of library"
"Hoochie Coochie Man","Muddy Waters","current A-Z best of library"
"Hoover Dam","Sugar","current A-Z best of library"
"Horchata","Vampire Weekend","current A-Z best of library"
"Hotel Yorba","The White Stripes","current A-Z best of library"
"How Blue Can You Get","B.B. King","current A-Z best of library"
"How Soon is Now?","The Smiths","current A-Z best of library"
"Howlin' For You","The Black Keys","current A-Z best of library"
"Howling At Nothing","Nathaniel Rateliff and the Night Sweats","current A-Z best of library"
"Human Behaviour","Bjork","current A-Z best of library"
"Hundreds of Ways","Conor Oberst","current A-Z best of library"
"Hurdy Gurdy Man","Donovan","current A-Z best of library"
"Hurtin' (On The Bottle)","Margo Price","current A-Z best of library"
"i","Kendrick Lamar","current A-Z best of library"
"I Am The Walrus","The Beatles","current A-Z best of library"
"I Am Trying To Break Your Heart","Wilco","current A-Z best of library"
"I and Love and You","The Avett Brothers","current A-Z best of library"
"I Believe in a Thing Called Love","The Darkness","current A-Z best of library"
"I Bet You Look Good On The Dance Floor","Arctic Monkeys","current A-Z best of library"
"I Can Change","LCD Soundsystem","current A-Z best of library"
"I Can See For Miles","The Who","current A-Z best of library"
"(I Can't Get No) Satisfaction","The Rolling Stones","current A-Z best of library"
"I Could Never Take The Place Of Your Man","Prince","current A-Z best of library"
"I Don't Wanna Grow Up","Tom Waits","current A-Z best of library"
"(I Don't Want to Go To) Chelsea","Elvis Costello","current A-Z best of library"
"I Fall To Pieces","Patsy Cline","current A-Z best of library"
"I Feel It All","Feist","current A-Z best of library"
"I Feel You","Depeche Mode","current A-Z best of library"
"I Follow Rivers","Lykke Li","current A-Z best of library"
"I Fought The Law","The Clash","current A-Z best of library"
"I Get A Kick Out Of You","Frank Sinatra","current A-Z best of library"
"I Got You (I Feel Good)","James Brown","current A-Z best of library"
"I Learned The Hard Way","Sharon Jones and The Dap-Kings","current A-Z best of library"
"I Left My Wallet In El Segundo","A Tribe Called Quest","current A-Z best of library"
"I Love a Man in a Uniform","Gang of Four","current A-Z best of library"
"I Might","Wilco","current A-Z best of library"
"I Need Never Get Old","Nathaniel Rateliff and the Night Sweats","current A-Z best of library"
"I Put A Spell On You","Screamin' Jay Hawkins","current A-Z best of library"
"I Ran (So Far Away)","A Flock of Seagulls","current A-Z best of library"
"I Sat By the Ocean","Queens of the Stone Age","current A-Z best of library"
"I Saw the Light","Todd Rundgren","current A-Z best of library"
"I Shot the Sheriff","Bob Marley and The Wailers","current A-Z best of library"
"I Still Haven't Found What I'm Looking For","U2","current A-Z best of library"
"I Turn My Camera On","Spoon","current A-Z best of library"
"I Walk The Line","Johnny Cash","current A-Z best of library"
"I Wanna Be Adored","The Stone Roses","current A-Z best of library"
"I Wanna Be Sedated","Ramones","current A-Z best of library"
"I Wanna Be Your Dog","The Stooges","current A-Z best of library"
"I Want To Take You Higher","Sly and the Family Stone","current A-Z best of library"
"I Want You Back","Jackson 5","current A-Z best of library"
"I Want You To Want Me","Cheap Trick","current A-Z best of library"
"I Will Follow You into the Dark","Death Cab for Cutie","current A-Z best of library"
"I Will Possess Your Heart","Death Cab for Cutie","current A-Z best of library"
"I Will Wait","Mumford and Sons","current A-Z best of library"
"I Wish","Stevie Wonder","current A-Z best of library"
"I Would Die 4 U","Prince","current A-Z best of library"
"Icky Thump","The White Stripes","current A-Z best of library"
"I'd Run Away","The Jayhawks","current A-Z best of library"
"If I Can't Change Your Mind","Sugar","current A-Z best of library"
"If I Should Fall From Grace With God","The Pogues","current A-Z best of library"
"Iko Iko","Dr. John","current A-Z best of library"
"I'll Be You","The Replacements","current A-Z best of library"
"I'll Feel a Whole Lot Better","The Byrds","current A-Z best of library"
"I'll Take You There","The Staple Singers","current A-Z best of library"
"I'm Always in Love","Wilco","current A-Z best of library"
"I'm Straight","The Modern Lovers","current A-Z best of library"
"I'm The Man Who Loves You","Wilco","current A-Z best of library"
"I'm Waiting for the Man","The Velvet Underground","current A-Z best of library"
"I'm Writing A Novel","Father John Misty","current A-Z best of library"
"Imagine","John Lennon","current A-Z best of library"
"Imitosis","Andrew Bird","current A-Z best of library"
"Immigrant Song","Led Zeppelin","current A-Z best of library"
"Impossible Germany","Wilco","current A-Z best of library"
"In Bloom","Nirvana","current A-Z best of library"
"In My Head","Queens of the Stone Age","current A-Z best of library"
"In My Life","The Beatles","current A-Z best of library"
"In the Aeroplane Over the Sea","Neutral Milk Hotel","current A-Z best of library"
"In The Midnight Hour","Wilson Pickett","current A-Z best of library"
"Incinerate","Sonic Youth","current A-Z best of library"
"Inside Out","Spoon","current A-Z best of library"
"Insistor","Tapes 'n Tapes","current A-Z best of library"
"Instant Karma!","John Lennon","current A-Z best of library"
"Intergalactic","Beastie Boys","current A-Z best of library"
"Iron Man","Black Sabbath","current A-Z best of library"
"Is She Really Going Out With Him","Joe Jackson","current A-Z best of library"
"Is There A Ghost","Band of Horses","current A-Z best of library"
"Is This It","The Strokes","current A-Z best of library"
"Island in the Sun","Weezer","current A-Z best of library"
"Istanbul (Not Constantinople)","They Might Be Giants","current A-Z best of library"
"Itchycoo Park","Small Faces","current A-Z best of library"
"It's a Shame about Ray","The Lemonheads","current A-Z best of library"
"It's Oh So Quiet","Bjork","current A-Z best of library"
"It's Only Rock 'n Roll","The Rolling Stones","current A-Z best of library"
"It's the End of the World As We Know It And I Feel Fine","R.E.M.","current A-Z best of library"
"It's Too Late","Bob Mould","current A-Z best of library"
"It's Tricky","Run DMC","current A-Z best of library"
"I've Been Everywhere","Johnny Cash","current A-Z best of library"
"Jackson","Johnny Cash","current A-Z best of library"
"Jailhouse Rock","Elvis Presley","current A-Z best of library"
"Jane Says","Jane's Addiction","current A-Z best of library"
"January Wedding","The Avett Brothers","current A-Z best of library"
"Jeepster","T. Rex","current A-Z best of library"
"Jeremy","Pearl Jam","current A-Z best of library"
"Jezebel","Plague Vendor","current A-Z best of library"
"Johnny B. Goode","Chuck Berry","current A-Z best of library"
"Jolene","Dolly Parton","current A-Z best of library"
"Jumpin' Jack Flash","The Rolling Stones","current A-Z best of library"
"Jungle Boogie","Kool and The Gang","current A-Z best of library"
"Just a Friend","Biz Markie","current A-Z best of library"
"Just Ain't Gonna Work Out","Mayer Hawthorne","current A-Z best of library"
"Just Can't Get Enough","Depeche Mode","current A-Z best of library"
"Just Like a Woman","Nina Simone","current A-Z best of library"
"Just Like Heaven","The Cure","current A-Z best of library"
"Just Like Honey","The Jesus and Mary Chain","current A-Z best of library"
"Just My Imagination","The Temptations","current A-Z best of library"
"Just One Of The Guys","Jenny Lewis","current A-Z best of library"
"Karma Police","Radiohead","current A-Z best of library"
"Kashmir","Led Zeppelin","current A-Z best of library"
"Keep The Car Running","Arcade Fire","current A-Z best of library"
"Kick Drum Heart","The Avett Brothers","current A-Z best of library"
"Kids","MGMT","current A-Z best of library"
"Killer Queen","Queen","current A-Z best of library"
"Kim and Jessie","M83","current A-Z best of library"
"King Kunta","Kendrick Lamar","current A-Z best of library"
"King of the World","Weezer","current A-Z best of library"
"Kismet Kill","Haley Bonar","current A-Z best of library"
"Kiss","Prince","current A-Z best of library"
"Kiss Me on The Bus","The Replacements","current A-Z best of library"
"Kiss Them For Me","Siouxsie and The Banshees","current A-Z best of library"
"Kissing The Lipless","The Shins","current A-Z best of library"
"Knock Me Down","Red Hot Chili Peppers","current A-Z best of library"
"Kool Thing","Sonic Youth","current A-Z best of library"
"Lady You Shot Me","Har Mar Superstar","current A-Z best of library"
"Lampshades on Fire","Modest Mouse","current A-Z best of library"
"Last Goodbye","Jeff Buckley","current A-Z best of library"
"Last Nite","The Strokes","current A-Z best of library"
"Lay Your Cards Out","Polica","current A-Z best of library"
"Lazy Eye","Silversun Pickups","current A-Z best of library"
"Leave A Trace","CHVRCHES","current A-Z best of library"
"Left Hand Free","Alt-J","current A-Z best of library"
"Left of The Dial","The Replacements","current A-Z best of library"
"Let 'Em Say","Lizzo and Caroline Smith","current A-Z best of library"
"Let It Happen","Tame Impala","current A-Z best of library"
"Let The Good Times Roll","JD McPherson","current A-Z best of library"
"Let's Call the Whole Thing Off","Ella Fitzgerald and Louis Armstrong","current A-Z best of library"
"Let's Dance","David Bowie","current A-Z best of library"
"Let's Get It On","Marvin Gaye","current A-Z best of library"
"Let's Go","Matt and Kim","current A-Z best of library"
"Let's Go Crazy","Prince","current A-Z best of library"
"Let's Go Get Stoned","Ray Charles","current A-Z best of library"
"Let's Go To Bed","The Cure","current A-Z best of library"
"Let's Spend the Night Together","The Rolling Stones","current A-Z best of library"
"Let's Stay Together","Al Green","current A-Z best of library"
"Life Itself","Glass Animals","current A-Z best of library"
"Life On Mars?","David Bowie","current A-Z best of library"
"Lightning Bolt","Jake Bugg","current A-Z best of library"
"Lights On","Big Grams","current A-Z best of library"
"Lights Out","Santigold","current A-Z best of library"
"Like A Rolling Stone","Bob Dylan","current A-Z best of library"
"Like Dylan In The Movies","Belle and Sebastian","current A-Z best of library"
"Lime Habit","Polica","current A-Z best of library"
"Lips Like Sugar","Echo and the Bunnymen","current A-Z best of library"
"Lisztomania","Phoenix","current A-Z best of library"
"Lithium","Nirvana","current A-Z best of library"
"Little Latin Lupe Lu","The Chancellors","current A-Z best of library"
"Little Lion Man","Mumford and Sons","current A-Z best of library"
"Little Mercy","Doomtree","current A-Z best of library"
"Little Numbers","BOY","current A-Z best of library"
"Little Red Corvette","Prince","current A-Z best of library"
"Little Talks","Of Monsters And Men","current A-Z best of library"
"Little Wing","Jimi Hendrix","current A-Z best of library"
"Living For The City","Stevie Wonder","current A-Z best of library"
"Lloyd I'm Ready to Be Heartbroken","Camera Obscura","current A-Z best of library"
"London Calling","The Clash","current A-Z best of library"
"Lonely Boy","The Black Keys","current A-Z best of library"
"Lonely Girl","Weezer","current A-Z best of library"
"Lonesome","Dr. Dog","current A-Z best of library"
"Long Tall Sally","Little Richard","current A-Z best of library"
"Long Way Down","Robert DeLong","current A-Z best of library"
"Look It Here","Nathaniel Rateliff and the Night Sweats","current A-Z best of library"
"Los Angeles","Frank Black","current A-Z best of library"
"Lose Yourself To Dance feat. Pharrell Williams","Daft Punk","current A-Z best of library"
"Loser","Beck","current A-Z best of library"
"Losing My Edge","LCD Soundsystem","current A-Z best of library"
"Losing My Religion","R.E.M.","current A-Z best of library"
"Lost Highway","Hank Williams","current A-Z best of library"
"Lost in My Mind","The Head and the Heart","current A-Z best of library"
"Lost In The Supermarket","The Clash","current A-Z best of library"
"Loud Places feat. Romy","Jamie xx","current A-Z best of library"
"Love","John Lennon","current A-Z best of library"
"Love Hurts","Gram Parsons","current A-Z best of library"
"Love in a Trashcan","The Raveonettes","current A-Z best of library"
"Love In Vain","The Rolling Stones","current A-Z best of library"
"Love Is The Drug","Roxy Music","current A-Z best of library"
"Love Is The Law","The Suburbs","current A-Z best of library"
"Love My Way","The Psychedelic Furs","current A-Z best of library"
"Love Rollercoaster","Ohio Players","current A-Z best of library"
"Love Spreads","The Stone Roses","current A-Z best of library"
"Love The Way You Walk Away","Blitzen Trapper","current A-Z best of library"
"Love Train","The O'Jays","current A-Z best of library"
"Love Will Tear Us Apart","Joy Division","current A-Z best of library"
"Lovesong","The Cure","current A-Z best of library"
"Low","Cracker","current A-Z best of library"
"Low Rider","War","current A-Z best of library"
"Lucy In The Sky With Diamonds","The Beatles","current A-Z best of library"
"Lust For Life","Iggy Pop","current A-Z best of library"
"Madness","Muse","current A-Z best of library"
"Magazine","Caroline Smith","current A-Z best of library"
"Maggie's Farm","Bob Dylan","current A-Z best of library"
"Magic Bus","The Who","current A-Z best of library"
"Magnets feat. Lorde","Disclosure","current A-Z best of library"
"Make You Better","The Decemberists","current A-Z best of library"
"Makes No Sense At All","Husker Du","current A-Z best of library"
"Making Plans For Nigel","XTC","current A-Z best of library"
"Mamas Don't Let Your Babies Grow Up To Be Cowboys","Willie Nelson","current A-Z best of library"
"Man","Neko Case","current A-Z best of library"
"Man On Fire","Edward Sharpe and The Magnetic Zeros","current A-Z best of library"
"Manic Depression","Jimi Hendrix","current A-Z best of library"
"Maps","Yeah Yeah Yeahs","current A-Z best of library"
"Marigold","J. Roddy Walston and The Business","current A-Z best of library"
"Mary Mary","The Monkees","current A-Z best of library"
"Massive Night","The Hold Steady","current A-Z best of library"
"Master Hunter","Laura Marling","current A-Z best of library"
"Maybellene","Chuck Berry","current A-Z best of library"
"Me And Mia","Ted Leo and The Pharmacists","current A-Z best of library"
"Me Myself And I","De La Soul","current A-Z best of library"
"Mellow Yellow","Donovan","current A-Z best of library"
"Memory Lane","Elliott Smith","current A-Z best of library"
"Memphis","Chuck Berry","current A-Z best of library"
"Mess Around","Cage The Elephant","current A-Z best of library"
"Midnight City","M83","current A-Z best of library"
"Midnight on the Interstate","Trampled by Turtles","current A-Z best of library"
"Midnight Rambler","The Rolling Stones","current A-Z best of library"
"Midway","Bad Bad Hats","current A-Z best of library"
"Miracles","Jeremy Messersmith","current A-Z best of library"
"Mirror In The Bathroom","The English Beat","current A-Z best of library"
"Miss Misery","Elliott Smith","current A-Z best of library"
"Missing","Everything But The Girl","current A-Z best of library"
"Mistadobalina","Del Tha Funkee Homosapien","current A-Z best of library"
"Moaning Lisa Smile","Wolf Alice","current A-Z best of library"
"MoneyGrabber","Fitz and The Tantrums","current A-Z best of library"
"Monkey Gone To Heaven","Pixies","current A-Z best of library"
"Monkey Wrench","Foo Fighters","current A-Z best of library"
"Morning Song","The Avett Brothers","current A-Z best of library"
"Mountain At My Gates","Foals","current A-Z best of library"
"Mouthful Of Diamonds","Phantogram","current A-Z best of library"
"Move It On Over","Hank Williams","current A-Z best of library"
"Mr. Blue Sky","Electric Light Orchestra","current A-Z best of library"
"Munich","Editors","current A-Z best of library"
"My Doorbell","The White Stripes","current A-Z best of library"
"My Funny Valentine","Chet Baker","current A-Z best of library"
"My Generation","The Who","current A-Z best of library"
"My Girls","Animal Collective","current A-Z best of library"
"My Hero","Foo Fighters","current A-Z best of library"
"My Moon My Man","Feist","current A-Z best of library"
"My Name is Jonas","Weezer","current A-Z best of library"
"Myth","Beach House","current A-Z best of library"
"Naked Eye","Luscious Jackson","current A-Z best of library"
"Nancy From Now On","Father John Misty","current A-Z best of library"
"Natural Blues","Moby","current A-Z best of library"
"Nausea","Beck","current A-Z best of library"
"Nearly Lost You","Screaming Trees","current A-Z best of library"
"Need a Little Sugar In My Bowl","Bessie Smith","current A-Z best of library"
"Need You Now","Hot Chip","current A-Z best of library"
"Needle In The Camel's Eye","Brian Eno","current A-Z best of library"
"Neighborhood #1 (Tunnels)","Arcade Fire","current A-Z best of library"
"Neighborhood #3 (Power Out)","Arcade Fire","current A-Z best of library"
"Never Ending Circles","CHVRCHES","current A-Z best of library"
"Never Mind","The Replacements","current A-Z best of library"
"Never Said","Liz Phair","current A-Z best of library"
"Never There","Cake","current A-Z best of library"
"New Sensation","INXS","current A-Z best of library"
"New Slang","The Shins","current A-Z best of library"
"New York New York","Ryan Adams","current A-Z best of library"
"Night And Day","Hot Chip","current A-Z best of library"
"Night Fever","Bee Gees","current A-Z best of library"
"Nightswimming","R.E.M.","current A-Z best of library"
"No Cars Go","Arcade Fire","current A-Z best of library"
"No Comprende","Low","current A-Z best of library"
"No Hell","Cloud Cult","current A-Z best of library"
"No Light No Light","Florence and the Machine","current A-Z best of library"
"No Matter What","Badfinger","current A-Z best of library"
"No New Tale To Tell","Love and Rockets","current A-Z best of library"
"No One Else","Weezer","current A-Z best of library"
"No Other One","Weezer","current A-Z best of library"
"No Particular Place To Go","Chuck Berry","current A-Z best of library"
"Nobody Really Cares If You Don't Go to the Party","Courtney Barnett","current A-Z best of library"
"North American Scum","LCD Soundsystem","current A-Z best of library"
"North Side Gal","JD McPherson","current A-Z best of library"
"Not Fade Away","Buddy Holly","current A-Z best of library"
"Not For You","Pearl Jam","current A-Z best of library"
"Novocain","Jeremy Messersmith","current A-Z best of library"
"Novocaine For The Soul","Eels","current A-Z best of library"
"Nowhere Man","The Beatles","current A-Z best of library"
"O Valencia!","The Decemberists","current A-Z best of library"
"Oblivious","Aztec Camera","current A-Z best of library"
"OBLIVIUS","The Strokes","current A-Z best of library"
"Ocean Breathes Salty","Modest Mouse","current A-Z best of library"
"On The Road Again","Willie Nelson","current A-Z best of library"
"Once In A Lifetime","Talking Heads","current A-Z best of library"
"One","Nilsson","current A-Z best of library"
"One Day","Sharon Van Etten","current A-Z best of library"
"One For My Baby","Ella Fitzgerald","current A-Z best of library"
"One Love People Get Ready","Bob Marley and The Wailers","current A-Z best of library"
"One More Night","Michael Kiwanuka","current A-Z best of library"
"One More Time","Daft Punk","current A-Z best of library"
"One Step Beyond","Madness","current A-Z best of library"
"One Time","Marian Hill","current A-Z best of library"
"One Way Or Another","Blondie","current A-Z best of library"
"Only A Memory","The Smithereens","current A-Z best of library"
"Only Shallow","My Bloody Valentine","current A-Z best of library"
"Only You","Yaz","current A-Z best of library"
"Ooh Child","The Five Stairsteps","current A-Z best of library"
"Ooh La La","The Faces","current A-Z best of library"
"Ophelia","The Band","current A-Z best of library"
"Ophelia","The Lumineers","current A-Z best of library"
"Our House","Madness","current A-Z best of library"
"Out of My League","Fitz and The Tantrums","current A-Z best of library"
"Out On The Weekend","Neil Young","current A-Z best of library"
"Outta My System","My Morning Jacket","current A-Z best of library"
"Outtasite Outta Mind","Wilco","current A-Z best of library"
"Over and Over","Hot Chip","current A-Z best of library"
"Over The Red Cedar","Charlie Parr","current A-Z best of library"
"Oxford Comma","Vampire Weekend","current A-Z best of library"
"Paint It Black","The Rolling Stones","current A-Z best of library"
"Pale Blue Eyes","The Velvet Underground","current A-Z best of library"
"Panic","The Smiths","current A-Z best of library"
"Panic Station","Muse","current A-Z best of library"
"Panic Switch","Silversun Pickups","current A-Z best of library"
"Papa Was a Rodeo","The Magnetic Fields","current A-Z best of library"
"Papa's Got a Brand New Bag","James Brown","current A-Z best of library"
"Paper Planes","M.I.A.","current A-Z best of library"
"Paradise","John Prine","current A-Z best of library"
"Paranoid","Black Sabbath","current A-Z best of library"
"Paranoid Android","Radiohead","current A-Z best of library"
"Parklife","Blur","current A-Z best of library"
"Party at Ground Zero","Fishbone","current A-Z best of library"
"Party Hard","Andrew W.K.","current A-Z best of library"
"Pedestrian at Best","Courtney Barnett","current A-Z best of library"
"Peek-A-Boo","Siouxsie and The Banshees","current A-Z best of library"
"People Are Strange","The Doors","current A-Z best of library"
"People C'mon","Delta Spirit","current A-Z best of library"
"People Get Ready","The Impressions","current A-Z best of library"
"People Have The Power","Patti Smith","current A-Z best of library"
"Perfect Day","Lou Reed","current A-Z best of library"
"Perfect Skin","Lloyd Cole And The Commotions","current A-Z best of library"
"Personal Jesus","Depeche Mode","current A-Z best of library"
"Personality Crisis","New York Dolls","current A-Z best of library"
"Phantom Limb","The Shins","current A-Z best of library"
"Pickles From The Jar","Courtney Barnett","current A-Z best of library"
"Pictures Of You","The Cure","current A-Z best of library"
"Pink Moon","Nick Drake","current A-Z best of library"
"Planet Rock","Afrika Bambaataa","current A-Z best of library"
"Pleasant Valley Sunday","The Monkees","current A-Z best of library"
"Please Please Please Let Me Get What I Want","The Smiths","current A-Z best of library"
"Police On My Back","The Clash","current A-Z best of library"
"Polyester Bride","Liz Phair","current A-Z best of library"
"Pop Life","Prince","current A-Z best of library"
"Popular","Nada Surf","current A-Z best of library"
"Portions for Foxes","Rilo Kiley","current A-Z best of library"
"Portland Oregon","Loretta Lynn","current A-Z best of library"
"Positively 4th Street","Bob Dylan","current A-Z best of library"
"Praise You","Fatboy Slim","current A-Z best of library"
"Pressure Drop","Toots and the Maytals","current A-Z best of library"
"Pretend We're Dead","L7","current A-Z best of library"
"Pretty In Pink","The Psychedelic Furs","current A-Z best of library"
"Pretty Pimpin","Kurt Vile","current A-Z best of library"
"Pretty Voice","Cloud Cult","current A-Z best of library"
"Protection","Massive Attack","current A-Z best of library"
"Proud Mary","Ike and Tina Turner","current A-Z best of library"
"Psychedelic Shack","The Temptations","current A-Z best of library"
"Psycho","The Sonics","current A-Z best of library"
"Psycho Killer","Talking Heads","current A-Z best of library"
"Pulling Mussels From The Shell","Squeeze","current A-Z best of library"
"Pump It Up","Elvis Costello","current A-Z best of library"
"Pumped Up Kicks","Foster the People","current A-Z best of library"
"Pumping On Your Stereo","Supergrass","current A-Z best of library"
"Punk Rock Girl","The Dead Milkmen","current A-Z best of library"
"Purple Haze","Jimi Hendrix","current A-Z best of library"
"Purple Rain","Prince","current A-Z best of library"
"Pusherman","Curtis Mayfield","current A-Z best of library"
"Quiet Corners and Empty Spaces","The Jayhawks","current A-Z best of library"
"Race For The Prize (remix)","The Flaming Lips","current A-Z best of library"
"Radio Free Europe","R.E.M.","current A-Z best of library"
"Radio Radio","Elvis Costello and The Attractions","current A-Z best of library"
"Random Name Generator","Wilco","current A-Z best of library"
"Rapper's Delight","Sugarhill Gang","current A-Z best of library"
"Raspberry Beret","Prince","current A-Z best of library"
"Rattle My Bones","The Suburbs","current A-Z best of library"
"Rave On","Buddy Holly","current A-Z best of library"
"Ready For The Floor","Hot Chip","current A-Z best of library"
"Ready To Start","Arcade Fire","current A-Z best of library"
"Real Wild Child","Iggy Pop","current A-Z best of library"
"Rearview Mirror","Pearl Jam","current A-Z best of library"
"Rebel Rebel","David Bowie","current A-Z best of library"
"Rebel Yell","Billy Idol","current A-Z best of library"
"Recover","CHVRCHES","current A-Z best of library"
"Redemption Song","Bob Marley and The Wailers","current A-Z best of library"
"Reflektor","Arcade Fire","current A-Z best of library"
"Rehab","Amy Winehouse","current A-Z best of library"
"Renegades of Funk","Afrika Bambaataa","current A-Z best of library"
"Rent I Pay","Spoon","current A-Z best of library"
"Respect","Aretha Franklin","current A-Z best of library"
"Respect Yourself","The Staple Singers","current A-Z best of library"
"Retrograde","James Blake","current A-Z best of library"
"Return To The Moon","EL VY","current A-Z best of library"
"Right Action","Franz Ferdinand","current A-Z best of library"
"Ring Of Fire","Johnny Cash","current A-Z best of library"
"Riptide","Vance Joy","current A-Z best of library"
"Rise Above","Black Flag","current A-Z best of library"
"River Deep - Mountain High","Ike and Tina Turner","current A-Z best of library"
"River Lea","Adele","current A-Z best of library"
"Road To Nowhere","Talking Heads","current A-Z best of library"
"Roadrunner","The Modern Lovers","current A-Z best of library"
"Rock Lobster","The B-52s","current A-Z best of library"
"Rock and Roll","Led Zeppelin","current A-Z best of library"
"Rock and Roll","The Velvet Underground","current A-Z best of library"
"Rock 'N' Roll High School","Ramones","current A-Z best of library"
"Rock 'n' Roll Lifestyle","Cake","current A-Z best of library"
"Rock The Casbah","The Clash","current A-Z best of library"
"Rocking in the Free World","Neil Young","current A-Z best of library"
"Rolling In The Deep","Adele","current A-Z best of library"
"Root Down","Beastie Boys","current A-Z best of library"
"Roxanne","The Police","current A-Z best of library"
"Royals","Lorde","current A-Z best of library"
"Rumble","Link Wray","current A-Z best of library"
"Rumor Has It","Adele","current A-Z best of library"
"Run Run Run","The Gestures","current A-Z best of library"
"Running Up That Hill","Kate Bush","current A-Z best of library"
"Running With the Wolves","Cloud Cult","current A-Z best of library"
"S.O.B.","Nathaniel Rateliff and the Night Sweats","current A-Z best of library"
"Sabotage","Beastie Boys","current A-Z best of library"
"Sacrilege","Yeah Yeah Yeahs","current A-Z best of library"
"Same Love feat. Mary Lambert","Macklemore and Ryan Lewis","current A-Z best of library"
"Save It For Later","The English Beat","current A-Z best of library"
"Savion Glover","P.O.S.","current A-Z best of library"
"Say It Ain't So","Weezer","current A-Z best of library"
"Say It Loud I'm Black And I'm Proud","James Brown","current A-Z best of library"
"Scar Tissue","Red Hot Chili Peppers","current A-Z best of library"
"Scenario","A Tribe Called Quest","current A-Z best of library"
"Search and Destroy","Iggy and The Stooges","current A-Z best of library"
"Secret Smile","Semisonic","current A-Z best of library"
"Sedona","Houndmouth","current A-Z best of library"
"See A Little Light","Bob Mould","current A-Z best of library"
"See How We Are","X","current A-Z best of library"
"See No Evil","Television","current A-Z best of library"
"Seether","Veruca Salt","current A-Z best of library"
"September Gurls","Big Star","current A-Z best of library"
"Sequestered In Memphis","The Hold Steady","current A-Z best of library"
"Seven Nation Army","The White Stripes","current A-Z best of library"
"Sex On Fire","Kings of Leon","current A-Z best of library"
"Sexy Boy","Air","current A-Z best of library"
"Shadow People","Dr. Dog","current A-Z best of library"
"Shadowboxer","Fiona Apple","current A-Z best of library"
"Shake","Otis Redding","current A-Z best of library"
"Shake","The Head and the Heart","current A-Z best of library"
"Shake It Out","Florence and the Machine","current A-Z best of library"
"Shake Me Down","Cage The Elephant","current A-Z best of library"
"Shake Some Action","Flamin' Groovies","current A-Z best of library"
"Shake Your Rump","Beastie Boys","current A-Z best of library"
"Shapes Of Things","The Yardbirds","current A-Z best of library"
"She Blinded Me With Science","Thomas Dolby","current A-Z best of library"
"She Don't Use Jelly","The Flaming Lips","current A-Z best of library"
"Sheela-Na-Gig","PJ Harvey","current A-Z best of library"
"Sheena Is A Punk Rocker","Ramones","current A-Z best of library"
"She's Lost Control","Joy Division","current A-Z best of library"
"She's Not Me","Jenny Lewis","current A-Z best of library"
"She's So Modern","The Boomtown Rats","current A-Z best of library"
"Shhh","Atmosphere","current A-Z best of library"
"Should I Stay Or Should I Go","The Clash","current A-Z best of library"
"Shout","Tears For Fears","current A-Z best of library"
"Shutterbugg","Big Boi","current A-Z best of library"
"Signed Sealed Delivered","Stevie Wonder","current A-Z best of library"
"Silver Lining","Rilo Kiley","current A-Z best of library"
"Sin City","The Flying Burrito Brothers","current A-Z best of library"
"Singing in My Sleep","Semisonic","current A-Z best of library"
"Sir Duke","Stevie Wonder","current A-Z best of library"
"Sister Havana","Urge Overkill","current A-Z best of library"
"Sister Jack","Spoon","current A-Z best of library"
"Sittin on The Dock of the Bay","Otis Redding","current A-Z best of library"
"Sixteen Saltines","Jack White","current A-Z best of library"
"Skinny Love","Bon Iver","current A-Z best of library"
"Skyway","The Replacements","current A-Z best of library"
"Sleep To Dream","Fiona Apple","current A-Z best of library"
"Sleeping In","The Postal Service","current A-Z best of library"
"Sleepyhead","Passion Pit","current A-Z best of library"
"Slow Hands","Interpol","current A-Z best of library"
"Smells Like Teen Spirit","Nirvana","current A-Z best of library"
"Smooth Sailin'","Leon Bridges","current A-Z best of library"
"So Fresh So Clean","Outkast","current A-Z best of library"
"So What'cha Want","Beastie Boys","current A-Z best of library"
"Solitude Is Bliss","Tame Impala","current A-Z best of library"
"Somebody To Shove","Soul Asylum","current A-Z best of library"
"Someone Like You","Adele","current A-Z best of library"
"Something About You","Lucius","current A-Z best of library"
"Song 2","Blur","current A-Z best of library"
"Soul Meets Body","Death Cab for Cutie","current A-Z best of library"
"Souls","Hippo Campus","current A-Z best of library"
"Sound and Color","Alabama Shakes","current A-Z best of library"
"Soundcheck","Catfish and the Bottlemen","current A-Z best of library"
"Soundtrack to Mary","Soul Coughing","current A-Z best of library"
"Sour Times","Portishead","current A-Z best of library"
"South","Hippo Campus","current A-Z best of library"
"Southtown Girls","The Hold Steady","current A-Z best of library"
"Space Oddity","David Bowie","current A-Z best of library"
"Space Truckin'","Deep Purple","current A-Z best of library"
"Special","Garbage","current A-Z best of library"
"Spitting Games","Snow Patrol","current A-Z best of library"
"Staring at the Sun","TV On The Radio","current A-Z best of library"
"Starman","David Bowie","current A-Z best of library"
"Stars","Hum","current A-Z best of library"
"Start Choppin","Dinosaur Jr.","current A-Z best of library"
"Stay Positive","The Hold Steady","current A-Z best of library"
"Stay With Me","Ryan Adams","current A-Z best of library"
"Stay With Me","Sam Smith","current A-Z best of library"
"Stay With Me","The Faces","current A-Z best of library"
"Steady As She Goes","The Raconteurs","current A-Z best of library"
"Step Into My Office Baby","Belle and Sebastian","current A-Z best of library"
"Step Right Up","Tom Waits","current A-Z best of library"
"Stillness Is The Move","Dirty Projectors","current A-Z best of library"
"Stir It Up","Bob Marley and The Wailers","current A-Z best of library"
"Stockholm","Jason Isbell","current A-Z best of library"
"Stolen Car","Beth Orton","current A-Z best of library"
"Stoplight Kisses","The Cactus Blossoms","current A-Z best of library"
"Straight To Hell","The Clash","current A-Z best of library"
"Strange Times","The Black Keys","current A-Z best of library"
"Stranger Than Fiction","Bad Religion","current A-Z best of library"
"Strawberry Fields Forever","The Beatles","current A-Z best of library"
"Strawberry Letter 23","Shuggie Otis","current A-Z best of library"
"Subterranean Homesick Blues","Bob Dylan","current A-Z best of library"
"Suburban Home","Descendents","current A-Z best of library"
"Such Great Heights","The Postal Service","current A-Z best of library"
"Suedehead","Morrissey","current A-Z best of library"
"Suffragette City","David Bowie","current A-Z best of library"
"Sugar Kane","Sonic Youth","current A-Z best of library"
"Sugar Man","Rodriguez","current A-Z best of library"
"Suicide Saturday","Hippo Campus","current A-Z best of library"
"Summer Of Drugs","Soul Asylum","current A-Z best of library"
"Summertime","Big Brother and The Holding Company","current A-Z best of library"
"Summertime Blues","Eddie Cochran","current A-Z best of library"
"Summertime Clothes","Animal Collective","current A-Z best of library"
"Sunday Candy","Donnie Trumpet and The Social Experiment","current A-Z best of library"
"Sunday Morning","The Velvet Underground","current A-Z best of library"
"Sunny Afternoon","The Kinks","current A-Z best of library"
"Sunshine Superman","Donovan","current A-Z best of library"
"Super Bon Bon","Soul Coughing","current A-Z best of library"
"Superfly","Curtis Mayfield","current A-Z best of library"
"Supermassive Black Hole","Muse","current A-Z best of library"
"Superstition","Stevie Wonder","current A-Z best of library"
"Sure Shot","Beastie Boys","current A-Z best of library"
"Surfin' Bird","The Trashmen","current A-Z best of library"
"Surfing on a Rocket","Air","current A-Z best of library"
"Surf's Up","The Beach Boys","current A-Z best of library"
"Surgical Focus","Guided By Voices","current A-Z best of library"
"Surrender","Cheap Trick","current A-Z best of library"
"Sweet Home Chicago","Robert Johnson","current A-Z best of library"
"Sweet Jane","The Velvet Underground","current A-Z best of library"
"Sweet Thing","Van Morrison","current A-Z best of library"
"Sympathy for the Devil","The Rolling Stones","current A-Z best of library"
"Synthetica","Metric","current A-Z best of library"
"T.V. Party","Black Flag","current A-Z best of library"
"Tainted Love","Soft Cell","current A-Z best of library"
"Take A Walk","Passion Pit","current A-Z best of library"
"Take Back The City","Snow Patrol","current A-Z best of library"
"Take Five","Dave Brubeck Quartet","current A-Z best of library"
"Take It As It Comes","J. Roddy Walston and The Business","current A-Z best of library"
"Take Me Out","Franz Ferdinand","current A-Z best of library"
"Take Me To Church","Hozier","current A-Z best of library"
"Take Me To The River","Talking Heads","current A-Z best of library"
"Take The Skinheads Bowling","Camper Van Beethoven","current A-Z best of library"
"Tall Boy","Har Mar Superstar","current A-Z best of library"
"Team","Lorde","current A-Z best of library"
"Teardrop","Massive Attack","current A-Z best of library"
"Teen Angst (What The World Needs Now)","Cracker","current A-Z best of library"
"Teenage FBI","Guided By Voices","current A-Z best of library"
"Teenage Kicks","The Undertones","current A-Z best of library"
"Television The Drug Of The Nation","The Disposable Heroes of Hiphoprisy","current A-Z best of library"
"Temptation","New Order","current A-Z best of library"
"Tenderness","General Public","current A-Z best of library"
"Tennessee","Arrested Development","current A-Z best of library"
"Terrible Love","The National","current A-Z best of library"
"Thank God For Girls","Weezer","current A-Z best of library"
"Thank You","Led Zeppelin","current A-Z best of library"
"Thank You Falettinme Be Mice Elf Agin","Sly and the Family Stone","current A-Z best of library"
"Thank You Friends","Big Star","current A-Z best of library"
"That Old Black Hole","Dr. Dog","current A-Z best of library"
"That Wasn't Me","Brandi Carlile","current A-Z best of library"
"That Western Skyline","Dawes","current A-Z best of library"
"That's All Right","Elvis Presley","current A-Z best of library"
"That's When I Reach For My Revolver","Mission Of Burma","current A-Z best of library"
"The Bed's Too Big Without You","The Police","current A-Z best of library"
"The Blues Are Still Blue","Belle and Sebastian","current A-Z best of library"
"The Boy with the Thorn in His Side","The Smiths","current A-Z best of library"
"The Boys Are Back In Town","Thin Lizzy","current A-Z best of library"
"The Breaks (Part 1)","Kurtis Blow","current A-Z best of library"
"The Crane Wife 3","The Decemberists","current A-Z best of library"
"The Distance","Cake","current A-Z best of library"
"The District Sleeps Alone Tonight","The Postal Service","current A-Z best of library"
"The Eye","Brandi Carlile","current A-Z best of library"
"The Field","Mason Jennings","current A-Z best of library"
"The Golden Age","Beck","current A-Z best of library"
"The Harder They Come","Jimmy Cliff","current A-Z best of library"
"The Hardest Button To Button","The White Stripes","current A-Z best of library"
"The Heat","Jungle","current A-Z best of library"
"The Jean Genie","David Bowie","current A-Z best of library"
"The Killing Moon","Echo and the Bunnymen","current A-Z best of library"
"The King of Carrot Flowers Pt. One","Neutral Milk Hotel","current A-Z best of library"
"The Letter","The Box Tops","current A-Z best of library"
"The Look of Love","Dusty Springfield","current A-Z best of library"
"The Love Cats","The Cure","current A-Z best of library"
"The Man Who Sold The World","David Bowie","current A-Z best of library"
"The Mayor of Simpleton","XTC","current A-Z best of library"
"The Mother We Share","CHVRCHES","current A-Z best of library"
"The New Pollution","Beck","current A-Z best of library"
"The New Year","Death Cab for Cutie","current A-Z best of library"
"The Night They Drove Old Dixie Down","The Band","current A-Z best of library"
"The One I Love","R.E.M.","current A-Z best of library"
"The Only Place","Best Coast","current A-Z best of library"
"The OtherSide","The Roots","current A-Z best of library"
"The Party Line","Belle and Sebastian","current A-Z best of library"
"The Passenger","Iggy Pop","current A-Z best of library"
"The Piano Has Been Drinking (Not Me)","Tom Waits","current A-Z best of library"
"The Rat","The Walkmen","current A-Z best of library"
"The Revolution Will Not Be Televised","Gil Scott-Heron","current A-Z best of library"
"The Rockafeller Skank","Fatboy Slim","current A-Z best of library"
"The Stars Of Track And Field","Belle and Sebastian","current A-Z best of library"
"The Suburbs","Arcade Fire","current A-Z best of library"
"The Sweater Song","Weezer","current A-Z best of library"
"The Underdog","Spoon","current A-Z best of library"
"The Warmth of the Sun","The Beach Boys","current A-Z best of library"
"The Way We Get By","Spoon","current A-Z best of library"
"The Whole of the Moon","The Waterboys","current A-Z best of library"
"The Wolf","Mumford and Sons","current A-Z best of library"
"There There","Radiohead","current A-Z best of library"
"There Will Be Time feat. Baaba Maal","Mumford and Sons","current A-Z best of library"
"These Boots are Made for Walking","Nancy Sinatra","current A-Z best of library"
"These Walls","Kendrick Lamar","current A-Z best of library"
"Things Happen","Dawes","current A-Z best of library"
"Think","Aretha Franklin","current A-Z best of library"
"Think About It","The Jayhawks","current A-Z best of library"
"This Is A Call","Foo Fighters","current A-Z best of library"
"This Land Is Your Land","Woody Guthrie","current A-Z best of library"
"This Lonely Morning","Best Coast","current A-Z best of library"
"This Must Be The Place (Naive Melody)","Talking Heads","current A-Z best of library"
"Three Packs A Day","Courtney Barnett","current A-Z best of library"
"Thrift Shop feat. Wanz","Macklemore and Ryan Lewis","current A-Z best of library"
"Thunder Road","Bruce Springsteen","current A-Z best of library"
"Ticket To Ride","The Beatles","current A-Z best of library"
"Tightrope feat. Big Boi","Janelle Monae","current A-Z best of library"
"Time Bomb","Rancid","current A-Z best of library"
"Time Is On My Side","Irma Thomas","current A-Z best of library"
"Time Of The Season","The Zombies","current A-Z best of library"
"Time Spent In Los Angeles","Dawes","current A-Z best of library"
"Time To Pretend","MGMT","current A-Z best of library"
"Times Like These","Foo Fighters","current A-Z best of library"
"Tired Of Being Alone","Al Green","current A-Z best of library"
"To Zion","Lauryn Hill","current A-Z best of library"
"Today","The Smashing Pumpkins","current A-Z best of library"
"Tomorrow Never Knows","The Beatles","current A-Z best of library"
"Tom's Diner (DNA mix)","Suzanne Vega","current A-Z best of library"
"Too Late To Say Goodbye","Cage The Elephant","current A-Z best of library"
"Toolmaster","Trip Shakespeare","current A-Z best of library"
"Touch Me I'm Sick","Mudhoney","current A-Z best of library"
"Tourniquet","Jeremy Messersmith","current A-Z best of library"
"Towers","Bon Iver","current A-Z best of library"
"Town Called Malice","The Jam","current A-Z best of library"
"Train From Kansas City","Neko Case","current A-Z best of library"
"Transmission","Joy Division","current A-Z best of library"
"Tree By The River","Iron and Wine","current A-Z best of library"
"Tropicalia","Beck","current A-Z best of library"
"Tropicalia","Caetano Veloso","current A-Z best of library"
"Trouble","Cage The Elephant","current A-Z best of library"
"Trouble","Coldplay","current A-Z best of library"
"Try a Little Tenderness","Otis Redding","current A-Z best of library"
"Try to Sleep","Low","current A-Z best of library"
"Trying","Bully","current A-Z best of library"
"Tupelo Honey","Van Morrison","current A-Z best of library"
"Turn It Around","Lucius","current A-Z best of library"
"Tutti Frutti","Little Richard","current A-Z best of library"
"Two Sides Of Monsieur Valentine","Spoon","current A-Z best of library"
"Two Silver Trees","Calexico","current A-Z best of library"
"Two Weeks","Grizzly Bear","current A-Z best of library"
"Unbelievers","Vampire Weekend","current A-Z best of library"
"Uncontrollable Urge","Devo","current A-Z best of library"
"Under Pressure","Queen and David Bowie","current A-Z best of library"
"Unsatisfied","The Replacements","current A-Z best of library"
"Up On Cripple Creek","The Band","current A-Z best of library"
"Use Me","Bill Withers","current A-Z best of library"
"Use Somebody","Kings of Leon","current A-Z best of library"
"Valerie feat. Amy Winehouse","Mark Ronson","current A-Z best of library"
"Valerie Loves Me","Material Issue","current A-Z best of library"
"Valerie Plame","The Decemberists","current A-Z best of library"
"Velouria","Pixies","current A-Z best of library"
"Veronica","Elvis Costello","current A-Z best of library"
"Vicious","Lou Reed","current A-Z best of library"
"Victoria","The Kinks","current A-Z best of library"
"Victory","Trampled by Turtles","current A-Z best of library"
"Video Games","Lana Del Rey","current A-Z best of library"
"Violent Shiver","Benjamin Booker","current A-Z best of library"
"Violet","Hippo Campus","current A-Z best of library"
"Viva Las Vegas","Elvis Presley","current A-Z best of library"
"Voices In My Head","Bob Mould","current A-Z best of library"
"Voodoo Child (Slight Return)","Jimi Hendrix","current A-Z best of library"
"Wait So Long","Trampled by Turtles","current A-Z best of library"
"Waitin' For A Superman","The Flaming Lips","current A-Z best of library"
"Waiting For The Great Leap Forwards","Billy Bragg","current A-Z best of library"
"Waiting For The Sun","The Jayhawks","current A-Z best of library"
"Waiting Room","Fugazi","current A-Z best of library"
"Walk On The Wild Side","Lou Reed","current A-Z best of library"
"Walk This Way","Run DMC","current A-Z best of library"
"Walk Don't Run","The Ventures","current A-Z best of library"
"Walkin' After Midnight","Patsy Cline","current A-Z best of library"
"Walking With a Ghost","Tegan and Sara","current A-Z best of library"
"Waltz 2","Elliott Smith","current A-Z best of library"
"Wandering Star","Polica","current A-Z best of library"
"Wandering Star","Portishead","current A-Z best of library"
"Wanna Be Startin' Somethin'","Michael Jackson","current A-Z best of library"
"War Pigs","Black Sabbath","current A-Z best of library"
"Watching The Detectives","Elvis Costello","current A-Z best of library"
"Water Fountain","tUne-yArDs","current A-Z best of library"
"Waterloo Sunset","The Kinks","current A-Z best of library"
"Wave of Mutilation","Pixies","current A-Z best of library"
"We Gotta Get Out of This Place","The Animals","current A-Z best of library"
"We Hate It When Our Friends Become Successful","Morrissey","current A-Z best of library"
"We Want The Airwaves","Ramones","current A-Z best of library"
"Wedding","Polica","current A-Z best of library"
"Welcome to Paradise","Green Day","current A-Z best of library"
"We're Going to Be Friends","The White Stripes","current A-Z best of library"
"West Coast","Lana Del Rey","current A-Z best of library"
"What A Wonderful World","Nick Cave and The Bad Seeds","current A-Z best of library"
"What Difference Does It Make?","The Smiths","current A-Z best of library"
"What Do I Get?","Buzzcocks","current A-Z best of library"
"What Does Your Soul Look Like Pt. 4","DJ Shadow","current A-Z best of library"
"What Doesn't Kill You","Jake Bugg","current A-Z best of library"
"What Kind of Man","Florence and the Machine","current A-Z best of library"
"What Light","Wilco","current A-Z best of library"
"What's Going On","Marvin Gaye","current A-Z best of library"
"(What's So Funny 'Bout) Peace Love and Understanding","Elvis Costello","current A-Z best of library"
"What's The Frequency Kenneth?","R.E.M.","current A-Z best of library"
"When Doves Cry","Prince","current A-Z best of library"
"When My Time Comes","Dawes","current A-Z best of library"
"When The Levee Breaks","Led Zeppelin","current A-Z best of library"
"When You Sleep","My Bloody Valentine","current A-Z best of library"
"Where Did You Sleep Last Night","Leadbelly","current A-Z best of library"
"Where Is My Mind","Pixies","current A-Z best of library"
"Where It's At","Beck","current A-Z best of library"
"Where The Streets Have No Name","U2","current A-Z best of library"
"Where You Gonna Be (When The Good Lord Calls You Home)","Charlie Parr","current A-Z best of library"
"Wherever Is Your Heart","Brandi Carlile","current A-Z best of library"
"While You Wait for the Others","Grizzly Bear","current A-Z best of library"
"Whip It","Devo","current A-Z best of library"
"Whirring","The Joy Formidable","current A-Z best of library"
"White Winter Hymnal","Fleet Foxes","current A-Z best of library"
"Who Do You Love?","Bo Diddley","current A-Z best of library"
"Why Go","Pearl Jam","current A-Z best of library"
"Why'd You Only Call Me When You're High?","Arctic Monkeys","current A-Z best of library"
"Wichita Lineman","Glen Campbell","current A-Z best of library"
"Wild Thing","The Troggs","current A-Z best of library"
"Wild Wild Life","Talking Heads","current A-Z best of library"
"Wipe Out","The Surfaris","current A-Z best of library"
"Wishing Well","Bob Mould","current A-Z best of library"
"With a Little Help from My Friends","Joe Cocker","current A-Z best of library"
"With Or Without You","U2","current A-Z best of library"
"Wolf Like Me","TV On The Radio","current A-Z best of library"
"Wonderful (The Way I Feel)","My Morning Jacket","current A-Z best of library"
"Wonderful World","Sam Cooke","current A-Z best of library"
"Wonderwall","Oasis","current A-Z best of library"
"Working In A Coalmine","Lee Dorsey","current A-Z best of library"
"Worry","Jack Garratt","current A-Z best of library"
"Would That Not Be Nice","Divine Fits","current A-Z best of library"
"Wow","Beck","current A-Z best of library"
"Wow And Flutter","Stereolab","current A-Z best of library"
"Ya Hey","Vampire Weekend","current A-Z best of library"
"Yeah Yeah Yeah Song","The Flaming Lips","current A-Z best of library"
"Yellow","Coldplay","current A-Z best of library"
"You","Atmosphere","current A-Z best of library"
"You And I","Margaret Glaspy","current A-Z best of library"
"You Can't Always Get What You Want","The Rolling Stones","current A-Z best of library"
"You Don't Get Me High Anymore","Phantogram","current A-Z best of library"
"You Dropped A Bomb On Me","The Gap Band","current A-Z best of library"
"(You Gotta) Fight for Your Right (To Party)","Beastie Boys","current A-Z best of library"
"You Know I'm No Good","Amy Winehouse","current A-Z best of library"
"You Really Got Me","The Kinks","current A-Z best of library"
"Young Americans","David Bowie","current A-Z best of library"
"Young Folks","Peter Bjorn And John","current A-Z best of library"
"Your Little Hoodrat Friend","The Hold Steady","current A-Z best of library"
"Your Touch","The Black Keys","current A-Z best of library"
"Youth Without Love","Har Mar Superstar","current A-Z best of library"
"Youth Without Youth","Metric","current A-Z best of library"
"Ziggy Stardust","David Bowie","current A-Z best of library"
